{
    "0": {
        "model_bayes_disc": 45.972575425683374,
        "model_bayes_cont": 37.22856521606445,
        "model_js": 46.17485046386719,
        "model_true": 45.972572326660156,
        "prediction": [
            1.0148359537124634,
            0.4739697277545929,
            -0.4543507397174835,
            0.12150464951992035,
            -0.577461838722229,
            0.5160759687423706,
            -0.528067946434021,
            -0.418061763048172,
            -0.4176439046859741,
            -0.5903246402740479,
            0.12697312235832214,
            0.6487870216369629,
            0.011062681674957275,
            -0.22291328012943268,
            0.04023607075214386,
            -0.44398149847984314,
            -0.4616757929325104,
            -0.4137718081474304,
            -0.16628441214561462,
            0.0895916223526001,
            0.5737322568893433,
            0.2394661009311676,
            0.23898017406463623,
            0.24903911352157593,
            -0.24384790658950806,
            -0.9746471643447876,
            -0.21534396708011627,
            -0.028400398790836334,
            -0.6141270399093628,
            0.279264360666275,
            0.2788453996181488,
            0.4037812650203705,
            -0.24777954816818237,
            0.4263527989387512,
            -0.4820218086242676,
            0.03181222081184387,
            -0.6350901126861572,
            -0.8275716304779053,
            0.9076856374740601,
            -0.3409440219402313,
            0.41332462430000305,
            0.5156079530715942,
            -0.5290942788124084,
            0.0723113864660263,
            -0.42592665553092957,
            1.0957183837890625,
            -0.3429592549800873,
            0.6277828216552734,
            0.03325067460536957,
            -0.5688234567642212,
            0.7830783128738403,
            0.6645674705505371,
            0.001880943775177002,
            -0.19892290234565735,
            -0.5457885265350342,
            0.7066628932952881,
            -0.3119618892669678,
            -0.5151557922363281,
            0.0038232803344726562,
            -0.6249430179595947,
            -0.13727210462093353,
            0.3377031683921814,
            0.4177652895450592,
            -0.22417877614498138
        ],
        "x": [
            -0.5420771241188049,
            -1.5411654710769653,
            2.321995258331299,
            0.0975712239742279,
            1.1255139112472534,
            -1.692378044128418,
            1.8477553129196167,
            0.046445332467556,
            0.9474660158157349,
            2.931150436401367,
            -0.8101891875267029,
            -0.36598441004753113,
            -1.4800682067871094,
            0.1726658046245575,
            -0.9490407705307007,
            0.4448999762535095,
            1.630894660949707,
            0.9383753538131714,
            -0.24763956665992737,
            -0.9388428330421448,
            -1.4734430313110352,
            0.1161048412322998,
            0.05984583497047424,
            -0.013850077986717224,
            0.27873533964157104,
            0.3032023012638092,
            0.7032001614570618,
            -0.017018228769302368,
            0.9676894545555115,
            -0.9609291553497314,
            -0.964175283908844,
            -0.15700098872184753,
            1.6914496421813965,
            -1.4493777751922607,
            0.6503012776374817,
            -0.28649571537971497,
            0.7223265171051025,
            1.1529855728149414,
            -0.2754873037338257,
            0.4075164794921875,
            -1.4737917184829712,
            -0.12653790414333344,
            1.3494343757629395,
            -0.08709196746349335,
            1.3194118738174438,
            -0.6161340475082397,
            0.6271884441375732,
            -0.031988877803087234,
            -1.5281566381454468,
            0.7691302299499512,
            -0.2957911789417267,
            -0.337480366230011,
            0.13449160754680634,
            -0.15231242775917053,
            0.9935394525527954,
            -1.2535958290100098,
            0.3813078701496124,
            2.0154483318328857,
            0.2784956097602844,
            2.4856858253479004,
            -0.12476672977209091,
            -0.4269537925720215,
            -1.0959815979003906,
            1.8092939853668213
        ],
        "y": [
            -0.7346543073654175,
            -1.2254571914672852,
            2.187676191329956,
            0.10960159450769424,
            1.1115570068359375,
            -1.3596793413162231,
            2.0007665157318115,
            -0.11212388426065445,
            0.8624234795570374,
            2.93442702293396,
            -0.7886902093887329,
            -0.10427231341600418,
            -1.6120309829711914,
            0.18673086166381836,
            -1.0039373636245728,
            0.3335108757019043,
            1.6548181772232056,
            0.7011436820030212,
            -0.0035763566847890615,
            -0.9970425367355347,
            -1.4575145244598389,
            -0.1479024589061737,
            0.36378318071365356,
            0.236761674284935,
            -0.1425856202840805,
            0.3249523639678955,
            0.581531822681427,
            -0.1749051809310913,
            0.8111953735351562,
            -0.9479974508285522,
            -0.9641292691230774,
            -0.2708626687526703,
            1.6701747179031372,
            -1.5194423198699951,
            0.6260814070701599,
            -0.3461821377277374,
            0.45337194204330444,
            0.8606977462768555,
            -0.48680996894836426,
            0.5167447924613953,
            -1.3089792728424072,
            -0.305193156003952,
            1.4268107414245605,
            -0.015656594187021255,
            1.5507756471633911,
            -0.2629348933696747,
            1.134778618812561,
            -0.025301551446318626,
            -1.3699153661727905,
            0.694891095161438,
            -0.598150372505188,
            -0.15918844938278198,
            0.029542261734604836,
            -0.2226686179637909,
            0.9437139630317688,
            -1.2620669603347778,
            0.09912046045064926,
            1.8558462858200073,
            0.17966915667057037,
            2.522676467895508,
            0.08285131305456161,
            -0.4066929519176483,
            -0.9105451107025146,
            1.6624107360839844
        ]
    },
    "100": {
        "model_bayes_disc": 5.914112378885012,
        "model_bayes_cont": 4.2584428787231445,
        "model_js": 5.192158222198486,
        "model_true": 5.914112091064453
    },
    "200": {
        "model_bayes_disc": 4.662882812113678,
        "model_bayes_cont": 2.9842309951782227,
        "model_js": 3.9809224605560303,
        "model_true": 4.6628828048706055
    },
    "300": {
        "model_bayes_disc": 3.8124959889950145,
        "model_bayes_cont": 2.389840841293335,
        "model_js": 3.156271457672119,
        "model_true": 3.812495708465576
    },
    "400": {
        "model_bayes_disc": 2.274737937737376,
        "model_bayes_cont": 1.5419747829437256,
        "model_js": 1.6974165439605713,
        "model_true": 2.27473783493042
    },
    "500": {
        "model_bayes_disc": 1.2071751411253566,
        "model_bayes_cont": 0.6885370016098022,
        "model_js": 0.793437123298645,
        "model_true": 1.2071750164031982
    },
    "600": {
        "model_bayes_disc": 1.0856088864402356,
        "model_bayes_cont": 0.5568175315856934,
        "model_js": 0.6992127895355225,
        "model_true": 1.0856088399887085
    },
    "700": {
        "model_bayes_disc": 1.0540418467858925,
        "model_bayes_cont": 0.3405204713344574,
        "model_js": 0.67118901014328,
        "model_true": 1.054041862487793
    },
    "800": {
        "model_bayes_disc": 1.0193360248797245,