{
    "0": {
        "model_bayes_disc": 4.666735642733777,
        "model_bayes_cont": 3.247406005859375,
        "model_js": 3.8397812843322754,
        "model_true": 4.666735649108887,
        "prediction": [
            -0.9837790727615356,
            -1.0637483596801758,
            -1.12044095993042,
            -0.9620503187179565,
            -1.096113920211792,
            -0.48405882716178894,
            -1.0287123918533325,
            -0.6430425643920898,
            -0.596949577331543,
            -1.0129590034484863,
            -1.1258834600448608,
            -0.9852267503738403,
            -0.8083616495132446,
            -0.24216952919960022,
            -0.007180914282798767,
            -0.5516733527183533,
            -1.0587078332901,
            -0.238633394241333,
            -0.2200639247894287,
            -0.6713529825210571,
            -1.1396037340164185,
            -1.1174143552780151,
            -1.073091745376587,
            -1.0457435846328735,
            -1.139174461364746,
            -0.29708850383758545,
            -0.8503921031951904,
            -1.048009991645813,
            -0.5472948551177979,
            -0.3545234203338623,
            -0.37909603118896484,
            -0.34918785095214844,
            -0.5059493780136108,
            -0.6313241720199585,
            -0.7506744861602783,
            -0.3024413585662842,
            -1.0574729442596436,
            -1.0863993167877197,
            -0.9257605075836182,
            -0.9291970729827881,
            -0.8887487649917603,
            -0.4936251640319824,
            -1.1221011877059937,
            -1.1342251300811768,
            -1.1062508821487427,
            -0.19099430739879608,
            -0.7123711109161377,
            -0.3907788395881653,
            -1.0327293872833252,
            -0.28374671936035156,
            -0.3835150897502899,
            -0.962151288986206,
            -1.1361396312713623,
            -0.504565954208374,
            -1.1420986652374268,
            -1.013378381729126,
            -0.3474022150039673,
            -1.1066380739212036,
            -0.965399980545044,
            -0.27696463465690613,
            -0.9834961891174316,
            -1.0554617643356323,
            -0.18109510838985443,
            -0.9866966009140015
        ],
        "x": [
            -0.20606502890586853,
            -0.3834393322467804,
            -1.160549521446228,
            -2.1658992767333984,
            -1.3243651390075684,
            0.7075926065444946,
            -1.7280092239379883,
            0.3844601511955261,
            0.47086653113365173,
            -0.2650734782218933,
            -0.6053321361541748,
            -2.004380702972412,
            0.10006953775882721,
            1.4605485200881958,
            3.3033790588378906,
            0.5608486533164978,
            -1.5490657091140747,
            1.4760273694992065,
            1.560652732849121,
            0.3334643542766571,
            -0.7067087888717651,
            -1.1827831268310547,
            -1.4639697074890137,
            -0.33838391304016113,
            -0.9885278940200806,
            1.2425457239151,
            0.03000587224960327,
            -1.6123614311218262,
            0.5698662996292114,
            1.0507454872131348,
            0.9774478673934937,
            1.067291498184204,
            0.6582108736038208,
            0.4059986174106598,
            0.1965273916721344,
            1.2232825756072998,
            -1.5563600063323975,
            -1.3841718435287476,
            -2.448141098022461,
            -2.4195666313171387,
            -0.034751877188682556,
            0.6857707500457764,
            -0.5852056741714478,
            -0.6589782238006592,
            -0.5158445835113525,
            1.7057322263717651,
            0.261756032705307,
            0.9441581964492798,
            -0.3081616461277008,
            1.291971206665039,
            0.9647432565689087,
            -0.16487878561019897,
            -1.0239074230194092,
            0.6612745523452759,
            -0.7373760938644409,
            -0.2659575343132019,
            1.0728821754455566,
            -0.5173358917236328,
            -0.17095372080802917,
            1.3179066181182861,
            -2.016031265258789,
            -0.3621678948402405,
            1.7591220140457153,
            -0.21176785230636597
        ],
        "y": [
            0.12390071898698807,
            -0.06265170127153397,
            -1.0320929288864136,
            -2.267508029937744,
            -1.3946486711502075,
            0.42844638228416443,
            -1.7502373456954956,
            -0.11443974822759628,
            -0.402167409658432,
            -0.11998039484024048,
            -0.5519341826438904,
            -1.4851198196411133,
            -0.06648561358451843,
            1.6402450799942017,
            2.2739968299865723,
            0.1852315217256546,
            -0.37249210476875305,
            1.8949211835861206,
            0.5768377184867859,
            -0.27136102318763733,
            -0.8489348888397217,
            -1.3333189487457275,
            -1.291627049446106,
            -0.9991685748100281,
            -1.5631699562072754,
            1.10966157913208,
            0.3946837782859802,
            -0.5351437926292419,
            0.7885017395019531,
            0.9999551177024841,
            1.2341541051864624,
            1.281807780265808,
            1.111243724822998,
            0.46479305624961853,
            0.6351767182350159,
            0.5747575759887695,
            -1.8308417797088623,
            -1.230523943901062,
            -2.830033540725708,
            -2.1862545013427734,
            0.18717405200004578,
            0.8496085405349731,
            -0.3096082806587219,
            -1.8388442993164062,
            -0.6911715865135193,
            1.4526220560073853,
            0.34608161449432373,
            1.0027631521224976,
            0.3540157377719879,
            0.7050880193710327,
            1.2095751762390137,
            0.5093073844909668,
            -0.05666574835777283,
            0.16091665625572205,
            -0.020433412864804268,
            -0.08389764279127121,
            1.1428461074829102,
            0.3695015013217926,
            0.154503732919693,
            1.9965347051620483,
            -2.3352155685424805,
            -0.16235876083374023,
            0.9006915092468262,
            0.8066629767417908
        ]
    },
    "200": {
        "model_bayes_disc": 1.1043151242366571,
        "model_bayes_cont": 0.24519507586956024,
        "model_js": 0.3345135748386383,
        "model_true": 1.1043150424957275
    },
    "400": {
        "model_bayes_disc": 0.9831633665438514,
        "model_bayes_cont": 0.17479479312896729,
        "model_js": 0.22894804179668427,
        "model_true": 0.9831633567810059
    },
    "600": {
        "model_bayes_disc": 0.8996564927407894,
        "model_bayes_cont": 0.12918806076049805,
        "model_js": 0.16315388679504395,
        "model_true": 0.8996564745903015
    },
    "800": {
        "model_bayes_disc": 0.8639902776409796,
        "model_bayes_cont": 0.1097472757101059,
        "model_js": 0.13725215196609497,
        "model_true": 0.863990306854248
    },
    "1000": {
        "model_bayes_disc": 0.8458808853815022,
        "model_bayes_cont": 0.10156853497028351,
        "model_js": 0.12430888414382935,
        "model_true": 0.8458808660507202
    },
    "1200": {
        "model_bayes_disc": 0.8341381508646954,
        "model_bayes_cont": 0.11264091730117798,
        "model_js": 0.11918571591377258,
        "model_true": 0.8341381549835205
    },
    "1400": {
        "model_bayes_disc": 0.8272271436505871,
        "model_bayes_cont": 0.1049395203590393,
        "model_js": 0.11115272343158722,
        "model_true": 0.8272271156311035
    },